sequence,timestamp_ms,operation
1,1774150368205,
2,1774150368206,
3,1774150368210,
5,1774150368214,
4,1774150368215,
6,1774150368218,
8,1774150368223,
7,1774150368223,
9,1774150368228,
10,1774150368233,
11,1774150368234,
12,1774150368241,
13,1774150368245,
14,1774150368248,
15,1774150368251,
16,1774150368256,
17,1774150368259,
18,1774150368264,
19,1774150368267,
20,1774150368275,
21,1774150368282,
22,1774150368285,
23,1774150368288,
24,1774150368290,
25,1774150368297,
26,1774150368301,
27,1774150368305,
28,1774150368310,
29,1774150368311,
30,1774150368318,
31,1774150368326,
32,1774150368331,
33,1774150368335,
34,1774150368341,
35,1774150368344,
36,1774150368347,
37,1774150368352,
38,1774150368356,
39,1774150368360,
40,1774150368364,
41,1774150368367,
42,1774150368370,
43,1774150368373,
44,1774150368379,
45,1774150368381,
46,1774150368385,
47,1774150368387,
48,1774150368393,
49,1774150368400,
50,1774150368402,
51,1774150368408,
52,1774150368413,
53,1774150368414,
54,1774150368420,
55,1774150368423,
56,1774150368425,
57,1774150368430,
58,1774150368437,
59,1774150368440,
60,1774150368443,
61,1774150368447,
62,1774150368451,
63,1774150368455,
64,1774150368456,
65,1774150368464,
66,1774150368469,
67,1774150368473,
68,1774150368478,
69,1774150368481,
70,1774150368489,
71,1774150368491,
72,1774150368493,
73,1774150368496,
74,1774150368498,
75,1774150368501,
76,1774150368505,
77,1774150368510,
78,1774150368512,
79,1774150368518,
80,1774150368524,
81,1774150368530,
82,1774150368534,
83,1774150368537,
84,1774150368541,
85,1774150368543,
86,1774150368546,
87,1774150368549,
88,1774150368555,
89,1774150368558,
90,1774150368560,
91,1774150368563,
92,1774150368565,
93,1774150368568,
94,1774150368574,
95,1774150368576,
96,1774150368578,
97,1774150368588,
98,1774150368589,
99,1774150368594,
2,1774311620399,
1,1774311620430,
8,1774311620436,
22,1774311620490,
11,1774311620498,
3,1774311620529,
9,1774311620560,
6,1774311620614,
13,1774311620693,
15,1774311620724,
24,1774311620742,
4,1774311620822,
14,1774311620833,
5,1774311620943,
17,1774311620951,
12,1774311621096,
21,1774311621106,
16,1774311621230,
19,1774311621501,
20,1774311621613,
10,1774311621808,
7,1774311622000,
18,1774311622888,
23,1774311623118,
26,1774311636950,
25,1774311638073,
28,1774311638114,
27,1774311638286,
30,1774311638506,
29,1774311638611,
31,1774311638692,
32,1774311639418,
34,1774311639440,
35,1774311639788,
33,1774311640239,
36,1774311640327,
37,1774311640441,
39,1774311640893,
40,1774311642528,
41,1774311642595,
38,1774311642740,
43,1774311643712,
42,1774311643826,
44,1774311643883,
46,1774311644115,
47,1774311644297,
45,1774311644340,
49,1774311644730,
50,1774311645195,
48,1774311645256,
51,1774311645650,
52,1774311645652,
53,1774311645774,
57,1774311645988,
56,1774311646007,
55,1774311646079,
54,1774311646144,
58,1774311646445,
59,1774311646569,
61,1774311647318,
63,1774311647502,
60,1774311647685,
62,1774311647726,
64,1774311647849,
66,1774311647974,
68,1774311648071,
65,1774311648328,
71,1774311649361,
69,1774311649412,
67,1774311649582,
70,1774311649617,
72,1774311649706,
74,1774311651038,
73,1774311651090,
75,1774311651214,
76,1774311651350,
78,1774311651387,
77,1774311651441,
81,1774311651927,
80,1774311651933,
82,1774311651950,
79,1774311652796,
83,1774311653806,
84,1774311654385,
92,1774311654517,
86,1774311654645,
87,1774311654827,
89,1774311654887,
91,1774311654898,
85,1774311654944,
93,1774311655073,
88,1774311655393,
90,1774311655502,
94,1774311655693,
95,1774311655928,
97,1774311655985,
96,1774311657227,
99,1774311657438,
